"","CRE","DSVA","XDP"
"1700003D09Rik",TRUE,TRUE,TRUE
"2610028E06Rik",TRUE,TRUE,TRUE
"4833415N18Rik",TRUE,FALSE,TRUE
"A730018C14Rik",TRUE,TRUE,TRUE
"A730046J19Rik",TRUE,TRUE,TRUE
"AW551984",TRUE,TRUE,TRUE
"Abcc12",TRUE,TRUE,FALSE
"Abhd11os",TRUE,TRUE,TRUE
"Actn1",TRUE,FALSE,FALSE
"Actn2",TRUE,TRUE,TRUE
"Adamts3",TRUE,TRUE,TRUE
"Adcy5",TRUE,TRUE,TRUE
"Adgrg2",TRUE,FALSE,FALSE
"Adora2a",TRUE,TRUE,TRUE
"Adra2b",TRUE,TRUE,TRUE
"Adra2c",TRUE,TRUE,TRUE
"Agtr1a",TRUE,TRUE,TRUE
"Ahi1",TRUE,TRUE,TRUE
"Ak7",TRUE,TRUE,FALSE
"Akap5",TRUE,TRUE,FALSE
"Akap9",TRUE,TRUE,TRUE
"Alcam",TRUE,TRUE,TRUE
"Amz1",TRUE,TRUE,TRUE
"Ankrd63",TRUE,TRUE,TRUE
"Ano2",TRUE,TRUE,TRUE
"Arhgap36",TRUE,TRUE,TRUE
"Arhgap6",TRUE,TRUE,TRUE
"Asic4",TRUE,TRUE,TRUE
"Avpr1a",TRUE,TRUE,TRUE
"BB031773",TRUE,TRUE,TRUE
"Baiap3",TRUE,TRUE,TRUE
"Bcl11b",TRUE,TRUE,TRUE
"C130012C08Rik",TRUE,TRUE,TRUE
"C230014O12Rik",TRUE,FALSE,FALSE
"Cacna2d3",TRUE,TRUE,FALSE
"Cacng1",TRUE,TRUE,TRUE
"Calcr",TRUE,TRUE,TRUE
"Ccdc187",TRUE,TRUE,TRUE
"Cckar",TRUE,TRUE,TRUE
"Cd4",TRUE,TRUE,TRUE
"Cd72",TRUE,TRUE,TRUE
"Cdca7",TRUE,TRUE,FALSE
"Cdh13",TRUE,TRUE,FALSE
"Cdh4",TRUE,TRUE,TRUE
"Cftr",TRUE,TRUE,TRUE
"Chat",TRUE,TRUE,TRUE
"Clec12a",TRUE,TRUE,TRUE
"Clic6",TRUE,TRUE,TRUE
"Clspn",TRUE,TRUE,TRUE
"Cntnap3",TRUE,TRUE,FALSE
"Col25a1",TRUE,TRUE,TRUE
"Cpne5",TRUE,TRUE,TRUE
"Crabp1",TRUE,TRUE,TRUE
"Crym",TRUE,FALSE,FALSE
"Csmd3",TRUE,FALSE,TRUE
"Cyld",TRUE,TRUE,TRUE
"D430036J16Rik",TRUE,TRUE,TRUE
"D7Ertd443e",TRUE,TRUE,TRUE
"Dach1",TRUE,TRUE,TRUE
"Dchs2",TRUE,TRUE,TRUE
"Dclk3",TRUE,TRUE,FALSE
"Ddx11",TRUE,FALSE,FALSE
"Dgkb",TRUE,TRUE,TRUE
"Dgkk",TRUE,TRUE,TRUE
"Dio3",TRUE,TRUE,FALSE
"Dlk1",TRUE,TRUE,TRUE
"Dlx2",TRUE,TRUE,TRUE
"Dlx5",TRUE,TRUE,TRUE
"Dlx6",TRUE,TRUE,TRUE
"Dlx6os1",TRUE,TRUE,TRUE
"Drd1",TRUE,TRUE,TRUE
"Drd2",TRUE,TRUE,TRUE
"Drd3",TRUE,TRUE,TRUE
"Dsg1c",TRUE,TRUE,TRUE
"E130008D07Rik",TRUE,TRUE,TRUE
"Ecel1",TRUE,TRUE,TRUE
"Edar",TRUE,FALSE,FALSE
"Entpd3",TRUE,TRUE,TRUE
"Epor",TRUE,TRUE,TRUE
"Erich3",TRUE,TRUE,TRUE
"Esyt3",TRUE,TRUE,TRUE
"Fancb",TRUE,FALSE,TRUE
"Fgf3",TRUE,TRUE,TRUE
"Fign",TRUE,TRUE,TRUE
"Filip1",TRUE,TRUE,TRUE
"Fndc9",TRUE,TRUE,TRUE
"Foxp2",TRUE,TRUE,TRUE
"Fras1",TRUE,TRUE,TRUE
"Gabrq",TRUE,TRUE,TRUE
"Gad2",TRUE,TRUE,TRUE
"Galr1",TRUE,TRUE,TRUE
"Gbx2",TRUE,TRUE,TRUE
"Gcnt2",TRUE,TRUE,TRUE
"Gdnf",TRUE,TRUE,TRUE
"Gipc2",TRUE,TRUE,TRUE
"Glp1r",TRUE,TRUE,TRUE
"Gm10710",TRUE,TRUE,TRUE
"Gm10754",TRUE,TRUE,TRUE
"Gm13112",TRUE,TRUE,TRUE
"Gm136",TRUE,TRUE,TRUE
"Gm31251",TRUE,TRUE,TRUE
"Gm33651",TRUE,TRUE,TRUE
"Gm34081",TRUE,TRUE,TRUE
"Gm35281",TRUE,TRUE,TRUE
"Gm36737",TRUE,TRUE,TRUE
"Gm38575",TRUE,TRUE,TRUE
"Gm39043",TRUE,TRUE,TRUE
"Gm39244",TRUE,TRUE,TRUE
"Gm42858",TRUE,FALSE,FALSE
"Gm44593",TRUE,TRUE,TRUE
"Gm45645",TRUE,TRUE,TRUE
"Gm50370",TRUE,FALSE,FALSE
"Gm7244",TRUE,TRUE,TRUE
"Gnal",TRUE,TRUE,TRUE
"Gng7",TRUE,TRUE,TRUE
"Gpc3",TRUE,TRUE,TRUE
"Gpr101",TRUE,TRUE,TRUE
"Gpr149",TRUE,TRUE,TRUE
"Gpr52",TRUE,TRUE,TRUE
"Gpr6",TRUE,TRUE,TRUE
"Gpr88",TRUE,TRUE,TRUE
"Grb10",TRUE,TRUE,TRUE
"Grem2",TRUE,TRUE,FALSE
"Grm5",TRUE,TRUE,FALSE
"Gsx2",TRUE,TRUE,TRUE
"Gucy1a1",TRUE,TRUE,FALSE
"Hap1",TRUE,TRUE,TRUE
"Hcn4",TRUE,TRUE,TRUE
"Hpcal1",TRUE,TRUE,FALSE
"Hs6st2",TRUE,TRUE,FALSE
"Htr1b",TRUE,TRUE,TRUE
"Htr1d",TRUE,TRUE,TRUE
"Htr2c",TRUE,TRUE,TRUE
"Il2rb",TRUE,TRUE,TRUE
"Insyn2b",TRUE,TRUE,TRUE
"Iqub",TRUE,TRUE,FALSE
"Irs4",TRUE,TRUE,TRUE
"Jsrp1",TRUE,TRUE,TRUE
"Kcna5",TRUE,TRUE,TRUE
"Kcnab1",TRUE,TRUE,TRUE
"Kcnj2",TRUE,TRUE,TRUE
"Kif27",TRUE,TRUE,TRUE
"Klhl13",TRUE,TRUE,TRUE
"Krt9",TRUE,TRUE,TRUE
"Lbhd2",TRUE,TRUE,TRUE
"Lhx8",TRUE,TRUE,TRUE
"Lmo7",TRUE,FALSE,FALSE
"Magel2",TRUE,TRUE,TRUE
"Mc3r",TRUE,TRUE,TRUE
"Mei4",TRUE,TRUE,TRUE
"Meis1",TRUE,TRUE,TRUE
"Meis2",TRUE,TRUE,TRUE
"Mhrt",TRUE,TRUE,TRUE
"Mme",TRUE,TRUE,TRUE
"Msantd1",TRUE,FALSE,FALSE
"Musk",TRUE,TRUE,FALSE
"Myo3b",TRUE,TRUE,TRUE
"Necab2",TRUE,TRUE,TRUE
"Nexn",TRUE,TRUE,TRUE
"Ngfr",TRUE,TRUE,TRUE
"Nhs",TRUE,TRUE,TRUE
"Nkx2-1",TRUE,TRUE,TRUE
"Nlrp10",TRUE,TRUE,FALSE
"Nmbr",TRUE,FALSE,TRUE
"Nnat",TRUE,TRUE,TRUE
"Nos1",TRUE,TRUE,TRUE
"Nrsn2",TRUE,TRUE,TRUE
"Nt5e",TRUE,FALSE,TRUE
"Ntrk1",TRUE,TRUE,TRUE
"Olfr1393",TRUE,TRUE,TRUE
"Otof",TRUE,TRUE,TRUE
"Otx2",TRUE,TRUE,FALSE
"Oxtr",TRUE,TRUE,FALSE
"P2ry1",TRUE,TRUE,TRUE
"Pbx3",TRUE,TRUE,TRUE
"Pcp4l1",TRUE,TRUE,TRUE
"Pcsk9",TRUE,TRUE,TRUE
"Pde10a",TRUE,TRUE,TRUE
"Pde1b",TRUE,TRUE,TRUE
"Pde1c",TRUE,TRUE,TRUE
"Pde7b",TRUE,TRUE,TRUE
"Pdyn",TRUE,TRUE,FALSE
"Pdzd3",TRUE,TRUE,TRUE
"Peg10",TRUE,TRUE,TRUE
"Penk",TRUE,TRUE,TRUE
"Pgr15l",TRUE,TRUE,TRUE
"Phex",TRUE,TRUE,TRUE
"Pi16",TRUE,TRUE,TRUE
"Plppr1",TRUE,TRUE,TRUE
"Pnmt",TRUE,FALSE,TRUE
"Pnp2",TRUE,TRUE,TRUE
"Pou3f4",TRUE,TRUE,TRUE
"Ppp1r1b",TRUE,TRUE,TRUE
"Prdm12",TRUE,TRUE,TRUE
"Prima1",TRUE,TRUE,TRUE
"Prkar2b",TRUE,TRUE,FALSE
"Prkch",TRUE,TRUE,TRUE
"Prlr",TRUE,TRUE,TRUE
"Prok2",TRUE,TRUE,TRUE
"Prokr2",TRUE,TRUE,TRUE
"Prss56",TRUE,FALSE,FALSE
"Ptpn5",TRUE,TRUE,TRUE
"Ptpn7",TRUE,TRUE,TRUE
"Qrfprl",TRUE,TRUE,TRUE
"Rapsn",TRUE,TRUE,TRUE
"Rarb",TRUE,TRUE,TRUE
"Rasd2",TRUE,TRUE,TRUE
"Rasgrp2",TRUE,TRUE,TRUE
"Rec8",TRUE,TRUE,TRUE
"Rem2",TRUE,TRUE,TRUE
"Retnla",TRUE,TRUE,TRUE
"Rftn1",TRUE,TRUE,TRUE
"Rgs2",TRUE,TRUE,TRUE
"Rgs9",TRUE,TRUE,TRUE
"Rhbdl3",TRUE,TRUE,TRUE
"Ric8b",TRUE,TRUE,TRUE
"Rps6ka5",TRUE,TRUE,TRUE
"Rxrg",TRUE,TRUE,TRUE
"Scn4b",TRUE,TRUE,TRUE
"Scn5a",TRUE,TRUE,TRUE
"Scn9a",TRUE,TRUE,TRUE
"Scube3",TRUE,TRUE,TRUE
"Serpina9",TRUE,TRUE,TRUE
"Sez6",TRUE,TRUE,FALSE
"Sfta3-ps",TRUE,TRUE,TRUE
"Sh3rf2",TRUE,TRUE,TRUE
"Six3",TRUE,TRUE,TRUE
"Six3os1",TRUE,TRUE,TRUE
"Slc10a4",TRUE,TRUE,TRUE
"Slc17a8",TRUE,FALSE,TRUE
"Slc18a3",TRUE,TRUE,TRUE
"Slc22a3",TRUE,TRUE,TRUE
"Slc35d3",TRUE,TRUE,TRUE
"Slc35f1",TRUE,TRUE,FALSE
"Slc37a1",TRUE,TRUE,FALSE
"Slc5a7",TRUE,TRUE,TRUE
"Slc6a3",TRUE,TRUE,TRUE
"Slitrk6",TRUE,TRUE,TRUE
"Smarca1",TRUE,FALSE,FALSE
"Smpd3",TRUE,TRUE,TRUE
"Smpdl3b",TRUE,TRUE,TRUE
"Sox1ot",TRUE,TRUE,TRUE
"Sp8",TRUE,TRUE,TRUE
"Sp9",TRUE,TRUE,TRUE
"Spint1",TRUE,TRUE,TRUE
"Spock3",TRUE,FALSE,TRUE
"Srgap1",TRUE,TRUE,TRUE
"St8sia2",TRUE,TRUE,FALSE
"St8sia3",TRUE,TRUE,FALSE
"Stk32a",TRUE,TRUE,TRUE
"Stk33",TRUE,TRUE,TRUE
"Strip2",TRUE,TRUE,TRUE
"Strit1",TRUE,TRUE,FALSE
"Sulf1",TRUE,TRUE,TRUE
"Sv2c",TRUE,TRUE,TRUE
"Syndig1l",TRUE,TRUE,TRUE
"Syt6",TRUE,TRUE,TRUE
"Syt9",TRUE,FALSE,FALSE
"Tac1",TRUE,TRUE,TRUE
"Tacr1",TRUE,TRUE,TRUE
"Tacr3",TRUE,TRUE,TRUE
"Tbc1d8",TRUE,TRUE,TRUE
"Tcfl5",TRUE,TRUE,TRUE
"Tenm3",TRUE,FALSE,FALSE
"Th",TRUE,TRUE,TRUE
"Tmem132e",TRUE,TRUE,TRUE
"Tmem158",TRUE,TRUE,TRUE
"Tmem26",TRUE,TRUE,TRUE
"Togaram2",TRUE,TRUE,TRUE
"Tpbgl",TRUE,TRUE,TRUE
"Trh",TRUE,TRUE,TRUE
"Trhr",TRUE,TRUE,TRUE
"Trpc7",TRUE,TRUE,TRUE
"Tshr",TRUE,TRUE,FALSE
"Ttc22",TRUE,TRUE,FALSE
"Upb1",TRUE,TRUE,TRUE
"Vat1l",TRUE,TRUE,TRUE
"Wnt2",TRUE,TRUE,TRUE
"Xkrx",TRUE,TRUE,TRUE
"Zcchc12",TRUE,TRUE,TRUE
"Zdbf2",TRUE,TRUE,TRUE
"Zfhx3",TRUE,TRUE,TRUE
"Zfp503",TRUE,TRUE,TRUE
"Zfp618",TRUE,TRUE,TRUE
"Zfp804a",TRUE,TRUE,TRUE
"Zfp92",TRUE,TRUE,TRUE
"Zic1",TRUE,TRUE,FALSE
"Zp1",TRUE,TRUE,TRUE
"1110015O18Rik",FALSE,TRUE,TRUE
"1110017D15Rik",FALSE,TRUE,FALSE
"1700012B09Rik",FALSE,TRUE,TRUE
"1700021F07Rik",FALSE,TRUE,FALSE
"1700024G13Rik",FALSE,TRUE,FALSE
"1700037H04Rik",FALSE,TRUE,FALSE
"1700095J03Rik",FALSE,TRUE,TRUE
"1810020O05Rik",FALSE,TRUE,TRUE
"2010001K21Rik",FALSE,TRUE,FALSE
"2310075C17Rik",FALSE,TRUE,FALSE
"2410004P03Rik",FALSE,TRUE,FALSE
"2410124H12Rik",FALSE,TRUE,FALSE
"2600006K01Rik",FALSE,TRUE,FALSE
"2700033N17Rik",FALSE,TRUE,TRUE
"3300002A11Rik",FALSE,TRUE,FALSE
"4833427G06Rik",FALSE,TRUE,FALSE
"4921525O09Rik",FALSE,TRUE,TRUE
"4930417O13Rik",FALSE,TRUE,FALSE
"4931429P17Rik",FALSE,TRUE,FALSE
"4933403O08Rik",FALSE,TRUE,TRUE
"5330425B07Rik",FALSE,TRUE,TRUE
"6330403K07Rik",FALSE,TRUE,TRUE
"6330410L21Rik",FALSE,TRUE,FALSE
"6430571L13Rik",FALSE,TRUE,FALSE
"6430628N08Rik",FALSE,TRUE,TRUE
"9130230N09Rik",FALSE,TRUE,TRUE
"A230103J11Rik",FALSE,TRUE,TRUE
"A2m",FALSE,TRUE,FALSE
"A330094K24Rik",FALSE,TRUE,FALSE
"A730085K08Rik",FALSE,TRUE,TRUE
"AC151602.1",FALSE,TRUE,FALSE
"AI467606",FALSE,TRUE,FALSE
"AI606473",FALSE,TRUE,TRUE
"Abca4",FALSE,TRUE,TRUE
"Abcc9",FALSE,TRUE,FALSE
"Ablim2",FALSE,TRUE,TRUE
"Ace",FALSE,TRUE,TRUE
"Acer2",FALSE,TRUE,TRUE
"Ache",FALSE,TRUE,TRUE
"Acly",FALSE,TRUE,TRUE
"Acox2",FALSE,TRUE,FALSE
"Acsm5",FALSE,TRUE,FALSE
"Acss3",FALSE,TRUE,FALSE
"Acta2",FALSE,TRUE,FALSE
"Acvr1c",FALSE,TRUE,TRUE
"Adam12",FALSE,TRUE,TRUE
"Adamts4",FALSE,TRUE,TRUE
"Adgb",FALSE,TRUE,FALSE
"Adgrg1",FALSE,TRUE,FALSE
"Agbl2",FALSE,TRUE,FALSE
"Agt",FALSE,TRUE,TRUE
"Agtr2",FALSE,TRUE,TRUE
"Ak9",FALSE,TRUE,TRUE
"Akap14",FALSE,TRUE,FALSE
"Akr1c13",FALSE,TRUE,FALSE
"Aldh1b1",FALSE,TRUE,FALSE
"Alk",FALSE,TRUE,TRUE
"Alox12e",FALSE,TRUE,FALSE
"Alox5",FALSE,TRUE,FALSE
"Amotl1",FALSE,TRUE,TRUE
"Angptl2",FALSE,TRUE,FALSE
"Ankdd1a",FALSE,TRUE,TRUE
"Ankfn1",FALSE,TRUE,TRUE
"Ankrd2",FALSE,TRUE,FALSE
"Ankrd34b",FALSE,TRUE,TRUE
"Ankrd55",FALSE,TRUE,TRUE
"Ankrd6",FALSE,TRUE,FALSE
"Ano1",FALSE,TRUE,TRUE
"Ano3",FALSE,TRUE,TRUE
"Ap1s2",FALSE,TRUE,TRUE
"Apeh",FALSE,TRUE,FALSE
"Aplnr",FALSE,TRUE,FALSE
"Apol6",FALSE,TRUE,FALSE
"Aqp1",FALSE,TRUE,TRUE
"Arel1",FALSE,TRUE,FALSE
"Arg1",FALSE,TRUE,FALSE
"Arhgap24",FALSE,TRUE,TRUE
"Arhgap27",FALSE,TRUE,TRUE
"Arhgap27os1",FALSE,TRUE,TRUE
"Arhgef16",FALSE,TRUE,TRUE
"Arhgef38",FALSE,TRUE,FALSE
"Arhgef39",FALSE,TRUE,TRUE
"Arl10",FALSE,TRUE,FALSE
"Armc4",FALSE,TRUE,FALSE
"Asb4",FALSE,TRUE,TRUE
"Asic1",FALSE,TRUE,FALSE
"Ass1",FALSE,TRUE,TRUE
"Atg9b",FALSE,TRUE,FALSE
"Atp10b",FALSE,TRUE,TRUE
"Atp6v1c2",FALSE,TRUE,FALSE
"Avp",FALSE,TRUE,FALSE
"B230323A14Rik",FALSE,TRUE,TRUE
"B3galt5",FALSE,TRUE,TRUE
"B3gnt3",FALSE,TRUE,FALSE
"B3gnt7",FALSE,TRUE,FALSE
"B630019K06Rik",FALSE,TRUE,TRUE
"BC035947",FALSE,TRUE,TRUE
"BC049352",FALSE,TRUE,TRUE
"BC051019",FALSE,TRUE,FALSE
"BC055324",FALSE,TRUE,FALSE
"BC067074",FALSE,TRUE,TRUE
"BX322656.1",FALSE,TRUE,FALSE
"Baiap2l1",FALSE,TRUE,FALSE
"Barhl2",FALSE,TRUE,FALSE
"Bbox1",FALSE,TRUE,FALSE
"Bbx",FALSE,TRUE,TRUE
"Bcam",FALSE,TRUE,TRUE
"Bend7",FALSE,TRUE,TRUE
"Blcap",FALSE,TRUE,FALSE
"Bmp2",FALSE,TRUE,FALSE
"Bnipl",FALSE,TRUE,TRUE
"Bpifb6",FALSE,TRUE,FALSE
"Brip1",FALSE,TRUE,FALSE
"Brs3",FALSE,TRUE,TRUE
"Bves",FALSE,TRUE,TRUE
"C130073E24Rik",FALSE,TRUE,TRUE
"C130093G08Rik",FALSE,TRUE,TRUE
"C1qtnf3",FALSE,TRUE,FALSE
"C230072F16Rik",FALSE,TRUE,FALSE
"C3",FALSE,TRUE,TRUE
"C4b",FALSE,TRUE,FALSE
"C78197",FALSE,TRUE,FALSE
"Cabcoco1",FALSE,TRUE,FALSE
"Cachd1",FALSE,TRUE,FALSE
"Cacna2d2",FALSE,TRUE,TRUE
"Cacng4",FALSE,TRUE,TRUE
"Cacng5",FALSE,TRUE,TRUE
"Calb2",FALSE,TRUE,FALSE
"Calml4",FALSE,TRUE,FALSE
"Cand2",FALSE,TRUE,FALSE
"Capsl",FALSE,TRUE,FALSE
"Car12",FALSE,TRUE,TRUE
"Car3",FALSE,TRUE,FALSE
"Car9",FALSE,TRUE,FALSE
"Carhsp1",FALSE,TRUE,TRUE
"Casq2",FALSE,TRUE,FALSE
"Casr",FALSE,TRUE,TRUE
"Cbln4",FALSE,TRUE,TRUE
"Ccdc113",FALSE,TRUE,FALSE
"Ccdc121",FALSE,TRUE,FALSE
"Ccdc146",FALSE,TRUE,FALSE
"Ccdc153",FALSE,TRUE,FALSE
"Ccdc162",FALSE,TRUE,TRUE
"Ccdc170",FALSE,TRUE,FALSE
"Ccdc180",FALSE,TRUE,FALSE
"Ccdc33",FALSE,TRUE,FALSE
"Ccdc40",FALSE,TRUE,FALSE
"Ccdc60",FALSE,TRUE,TRUE
"Ccdc81",FALSE,TRUE,FALSE
"Ccl2",FALSE,TRUE,FALSE
"Ccl8",FALSE,TRUE,TRUE
"Ccna2",FALSE,TRUE,FALSE
"Cd74",FALSE,TRUE,FALSE
"Cd82",FALSE,TRUE,FALSE
"Cd93",FALSE,TRUE,FALSE
"Cdc20",FALSE,TRUE,FALSE
"Cdh15",FALSE,TRUE,FALSE
"Cdh23",FALSE,TRUE,FALSE
"Cdhr1",FALSE,TRUE,FALSE
"Cdhr2",FALSE,TRUE,TRUE
"Cdhr3",FALSE,TRUE,FALSE
"Cdhr4",FALSE,TRUE,TRUE
"Ceacam10",FALSE,TRUE,TRUE
"Celf6",FALSE,TRUE,FALSE
"Cemip2",FALSE,TRUE,FALSE
"Cenpf",FALSE,TRUE,FALSE
"Ces1d",FALSE,TRUE,FALSE
"Cfap126",FALSE,TRUE,FALSE
"Cfap157",FALSE,TRUE,FALSE
"Cfap161",FALSE,TRUE,FALSE
"Cfap43",FALSE,TRUE,FALSE
"Cfap44",FALSE,TRUE,FALSE
"Cfap52",FALSE,TRUE,FALSE
"Cfap53",FALSE,TRUE,FALSE
"Cfap73",FALSE,TRUE,FALSE
"Cfap77",FALSE,TRUE,FALSE
"Chdh",FALSE,TRUE,FALSE
"Chga",FALSE,TRUE,FALSE
"Chodl",FALSE,TRUE,TRUE
"Chrm2",FALSE,TRUE,TRUE
"Chrm4",FALSE,TRUE,FALSE
"Chrm5",FALSE,TRUE,TRUE
"Chrna10",FALSE,TRUE,TRUE
"Chrna2",FALSE,TRUE,TRUE
"Chrna3",FALSE,TRUE,FALSE
"Chrnb2",FALSE,TRUE,FALSE
"Chrnb4",FALSE,TRUE,TRUE
"Chrne",FALSE,TRUE,FALSE
"Chst11",FALSE,TRUE,FALSE
"Chst15",FALSE,TRUE,FALSE
"Chst3",FALSE,TRUE,FALSE
"Cilp",FALSE,TRUE,FALSE
"Clcn5",FALSE,TRUE,TRUE
"Cldn2",FALSE,TRUE,TRUE
"Cldn3",FALSE,TRUE,FALSE
"Cldn9",FALSE,TRUE,FALSE
"Clec3b",FALSE,TRUE,FALSE
"Clip4",FALSE,TRUE,FALSE
"Cnga3",FALSE,TRUE,TRUE
"Cngb1",FALSE,TRUE,TRUE
"Cnksr3",FALSE,TRUE,FALSE
"Cnmd",FALSE,TRUE,FALSE
"Cnr2",FALSE,TRUE,FALSE
"Cntnap2",FALSE,TRUE,FALSE
"Cntnap5a",FALSE,TRUE,FALSE
"Col17a1",FALSE,TRUE,TRUE
"Col4a1",FALSE,TRUE,FALSE
"Col4a2",FALSE,TRUE,FALSE
"Col4a3",FALSE,TRUE,FALSE
"Col8a2",FALSE,TRUE,FALSE
"Col9a3",FALSE,TRUE,FALSE
"Corin",FALSE,TRUE,FALSE
"Cp",FALSE,TRUE,FALSE
"Cpn1",FALSE,TRUE,TRUE
"Crb1",FALSE,TRUE,TRUE
"Creb3l2",FALSE,TRUE,FALSE
"Crhr2",FALSE,TRUE,TRUE
"Crocc2",FALSE,TRUE,FALSE
"Crybg3",FALSE,TRUE,TRUE
"Crygn",FALSE,TRUE,FALSE
"Cspg4",FALSE,TRUE,FALSE
"Ctxn2",FALSE,TRUE,TRUE
"Cxcl13",FALSE,TRUE,FALSE
"Cxcl5",FALSE,TRUE,FALSE
"Cygb",FALSE,TRUE,TRUE
"Cyp19a1",FALSE,TRUE,TRUE
"Cyp2c23",FALSE,TRUE,FALSE
"Cyp2s1",FALSE,TRUE,TRUE
"Cytip",FALSE,TRUE,FALSE
"D130058E05Rik",FALSE,TRUE,TRUE
"D330025C20Rik",FALSE,TRUE,FALSE
"D430020J02Rik",FALSE,TRUE,FALSE
"Dag1",FALSE,TRUE,FALSE
"Dcc",FALSE,TRUE,TRUE
"Dchs1",FALSE,TRUE,FALSE
"Ddc",FALSE,TRUE,TRUE
"Ddr1",FALSE,TRUE,FALSE
"Defb1",FALSE,TRUE,FALSE
"Degs2",FALSE,TRUE,FALSE
"Deup1",FALSE,TRUE,FALSE
"Dgkg",FALSE,TRUE,FALSE
"Diaph2",FALSE,TRUE,FALSE
"Dio3os",FALSE,TRUE,FALSE
"Dkk2",FALSE,TRUE,FALSE
"Dll1",FALSE,TRUE,FALSE
"Dlx1",FALSE,TRUE,TRUE
"Dlx4",FALSE,TRUE,FALSE
"Dmkn",FALSE,TRUE,FALSE
"Dnaaf1",FALSE,TRUE,FALSE
"Dnah11",FALSE,TRUE,FALSE
"Dnah12",FALSE,TRUE,FALSE
"Dnah3",FALSE,TRUE,FALSE
"Dnah6",FALSE,TRUE,FALSE
"Dnaic2",FALSE,TRUE,FALSE
"Dnali1",FALSE,TRUE,FALSE
"Dnm3",FALSE,TRUE,FALSE
"Doc2b",FALSE,TRUE,TRUE
"Doc2g",FALSE,TRUE,TRUE
"Dock10",FALSE,TRUE,TRUE
"Dock11",FALSE,TRUE,TRUE
"Dpp6",FALSE,TRUE,FALSE
"Dpy19l2",FALSE,TRUE,FALSE
"Dpyd",FALSE,TRUE,TRUE
"Draxin",FALSE,TRUE,FALSE
"Drc7",FALSE,TRUE,FALSE
"Drd5",FALSE,TRUE,TRUE
"Dsc3",FALSE,TRUE,FALSE
"Dsg1a",FALSE,TRUE,TRUE
"Dthd1",FALSE,TRUE,FALSE
"Dynlrb2",FALSE,TRUE,FALSE
"E230025N22Rik",FALSE,TRUE,FALSE
"E430024P14Rik",FALSE,TRUE,TRUE
"Ebf1",FALSE,TRUE,TRUE
"Ebf3",FALSE,TRUE,FALSE
"Ednrb",FALSE,TRUE,FALSE
"Efhb",FALSE,TRUE,FALSE
"Efnb1",FALSE,TRUE,FALSE
"Efnb3",FALSE,TRUE,TRUE
"Ehd4",FALSE,TRUE,FALSE
"Elmo1",FALSE,TRUE,FALSE
"Eln",FALSE,TRUE,FALSE
"Elovl1",FALSE,TRUE,FALSE
"Emilin2",FALSE,TRUE,FALSE
"Emp1",FALSE,TRUE,FALSE
"En1",FALSE,TRUE,FALSE
"Eno4",FALSE,TRUE,FALSE
"Enpp6",FALSE,TRUE,TRUE
"Epb41l4a",FALSE,TRUE,FALSE
"Epha8",FALSE,TRUE,FALSE
"Eps8l2",FALSE,TRUE,FALSE
"Ercc6l",FALSE,TRUE,FALSE
"Esr1",FALSE,TRUE,FALSE
"Esr2",FALSE,TRUE,TRUE
"Evpl",FALSE,TRUE,TRUE
"F2r",FALSE,TRUE,FALSE
"F5",FALSE,TRUE,TRUE
"Fa2h",FALSE,TRUE,TRUE
"Fads2b",FALSE,TRUE,TRUE
"Fam166c",FALSE,TRUE,FALSE
"Fam167a",FALSE,TRUE,TRUE
"Fam183b",FALSE,TRUE,FALSE
"Fam184b",FALSE,TRUE,FALSE
"Fam216b",FALSE,TRUE,FALSE
"Fam222a",FALSE,TRUE,TRUE
"Fam90a1b",FALSE,TRUE,TRUE
"Fat1",FALSE,TRUE,FALSE
"Fat3",FALSE,TRUE,FALSE
"Fblim1",FALSE,TRUE,TRUE
"Fbxo10",FALSE,TRUE,FALSE
"Fbxw13",FALSE,TRUE,TRUE
"Fem1c",FALSE,TRUE,FALSE
"Fezf1",FALSE,TRUE,TRUE
"Ffar3",FALSE,TRUE,TRUE
"Fgd5",FALSE,TRUE,TRUE
"Fgf15",FALSE,TRUE,TRUE
"Fgf17",FALSE,TRUE,TRUE
"Flt4",FALSE,TRUE,FALSE
"Flvcr2",FALSE,TRUE,FALSE
"Fndc1",FALSE,TRUE,FALSE
"Fndc3b",FALSE,TRUE,FALSE
"Folr1",FALSE,TRUE,FALSE
"Foxb1",FALSE,TRUE,TRUE
"Foxf2",FALSE,TRUE,FALSE
"Foxj1",FALSE,TRUE,FALSE
"Foxo1",FALSE,TRUE,TRUE
"Foxq1",FALSE,TRUE,FALSE
"Foxr2",FALSE,TRUE,FALSE
"Foxs1",FALSE,TRUE,FALSE
"Frem2",FALSE,TRUE,FALSE
"Frem3",FALSE,TRUE,TRUE
"Frmpd2",FALSE,TRUE,FALSE
"Fsip1",FALSE,TRUE,FALSE
"Fstl5",FALSE,TRUE,TRUE
"Fut4",FALSE,TRUE,TRUE
"Fzd5",FALSE,TRUE,TRUE
"Fzd8",FALSE,TRUE,FALSE
"Gaa",FALSE,TRUE,TRUE
"Gabre",FALSE,TRUE,TRUE
"Gabrg3",FALSE,TRUE,FALSE
"Gabrr1",FALSE,TRUE,FALSE
"Gad1",FALSE,TRUE,TRUE
"Gal",FALSE,TRUE,TRUE
"Galnt10",FALSE,TRUE,FALSE
"Galnt16",FALSE,TRUE,FALSE
"Galnt6",FALSE,TRUE,FALSE
"Gas2l2",FALSE,TRUE,FALSE
"Gast",FALSE,TRUE,TRUE
"Gbx1",FALSE,TRUE,TRUE
"Gc",FALSE,TRUE,FALSE
"Gck",FALSE,TRUE,TRUE
"Gfra1",FALSE,TRUE,TRUE
"Ghrh",FALSE,TRUE,TRUE
"Gja5",FALSE,TRUE,FALSE
"Gjb3",FALSE,TRUE,TRUE
"Gjc2",FALSE,TRUE,TRUE
"Glce",FALSE,TRUE,FALSE
"Gldn",FALSE,TRUE,TRUE
"Glra1",FALSE,TRUE,TRUE
"Gm10069",FALSE,TRUE,FALSE
"Gm10605",FALSE,TRUE,TRUE
"Gm10706",FALSE,TRUE,TRUE
"Gm10714",FALSE,TRUE,TRUE
"Gm11992",FALSE,TRUE,FALSE
"Gm12315",FALSE,TRUE,TRUE
"Gm12454",FALSE,TRUE,FALSE
"Gm13425",FALSE,TRUE,TRUE
"Gm13544",FALSE,TRUE,TRUE
"Gm13974",FALSE,TRUE,TRUE
"Gm14204",FALSE,TRUE,TRUE
"Gm15478",FALSE,TRUE,FALSE
"Gm15847",FALSE,TRUE,TRUE
"Gm1604a",FALSE,TRUE,TRUE
"Gm16055",FALSE,TRUE,TRUE
"Gm16066",FALSE,TRUE,FALSE
"Gm16364",FALSE,TRUE,TRUE
"Gm16551",FALSE,TRUE,FALSE
"Gm16998",FALSE,TRUE,FALSE
"Gm17091",FALSE,TRUE,TRUE
"Gm17276",FALSE,TRUE,TRUE
"Gm17396",FALSE,TRUE,TRUE
"Gm17455",FALSE,TRUE,FALSE
"Gm17916",FALSE,TRUE,FALSE
"Gm19569",FALSE,TRUE,TRUE
"Gm26771",FALSE,TRUE,TRUE
"Gm26973",FALSE,TRUE,TRUE
"Gm27801",FALSE,TRUE,TRUE
"Gm28528",FALSE,TRUE,TRUE
"Gm28703",FALSE,TRUE,TRUE
"Gm28729",FALSE,TRUE,FALSE
"Gm29374",FALSE,TRUE,TRUE
"Gm29538",FALSE,TRUE,FALSE
"Gm29683",FALSE,TRUE,TRUE
"Gm29707",FALSE,TRUE,FALSE
"Gm2990",FALSE,TRUE,TRUE
"Gm30806",FALSE,TRUE,TRUE
"Gm31227",FALSE,TRUE,FALSE
"Gm32815",FALSE,TRUE,TRUE
"Gm33948",FALSE,TRUE,TRUE
"Gm35608",FALSE,TRUE,TRUE
"Gm37212",FALSE,TRUE,TRUE
"Gm37668",FALSE,TRUE,FALSE
"Gm38101",FALSE,TRUE,TRUE
"Gm39456",FALSE,TRUE,TRUE
"Gm40663",FALSE,TRUE,TRUE
"Gm41414",FALSE,TRUE,TRUE
"Gm42423",FALSE,TRUE,TRUE
"Gm42500",FALSE,TRUE,FALSE
"Gm42668",FALSE,TRUE,TRUE
"Gm44115",FALSE,TRUE,FALSE
"Gm45194",FALSE,TRUE,TRUE
"Gm45623",FALSE,TRUE,TRUE
"Gm45702",FALSE,TRUE,FALSE
"Gm4598",FALSE,TRUE,FALSE
"Gm46603",FALSE,TRUE,TRUE
"Gm47262",FALSE,TRUE,TRUE
"Gm47854",FALSE,TRUE,FALSE
"Gm48057",FALSE,TRUE,FALSE
"Gm48878",FALSE,TRUE,TRUE
"Gm48893",FALSE,TRUE,FALSE
"Gm50145",FALSE,TRUE,FALSE
"Gm50335",FALSE,TRUE,TRUE
"Gm50351",FALSE,TRUE,FALSE
"Gm50490",FALSE,TRUE,FALSE
"Gm5111",FALSE,TRUE,TRUE
"Gm5124",FALSE,TRUE,FALSE
"Gm9732",FALSE,TRUE,FALSE
"Gm9989",FALSE,TRUE,TRUE
"Gna14",FALSE,TRUE,FALSE
"Gnrh1",FALSE,TRUE,TRUE
"Got1l1",FALSE,TRUE,FALSE
"Gp2",FALSE,TRUE,FALSE
"Gpld1",FALSE,TRUE,TRUE
"Gpr139",FALSE,TRUE,TRUE
"Gpr155",FALSE,TRUE,TRUE
"Gpr165",FALSE,TRUE,TRUE
"Gpr17",FALSE,TRUE,FALSE
"Gpr174",FALSE,TRUE,TRUE
"Gpr179",FALSE,TRUE,TRUE
"Gpr37",FALSE,TRUE,TRUE
"Gpr50",FALSE,TRUE,TRUE
"Gpr83",FALSE,TRUE,TRUE
"Gprasp1",FALSE,TRUE,FALSE
"Gprasp2",FALSE,TRUE,TRUE
"Gprin2",FALSE,TRUE,TRUE
"Gprin3",FALSE,TRUE,TRUE
"Gpx3",FALSE,TRUE,TRUE
"Gpx6",FALSE,TRUE,TRUE
"Grb7",FALSE,TRUE,FALSE
"Grem1",FALSE,TRUE,TRUE
"Gria1",FALSE,TRUE,FALSE
"Grid1",FALSE,TRUE,FALSE
"Grid2",FALSE,TRUE,FALSE
"Grin3a",FALSE,TRUE,FALSE
"Grm1",FALSE,TRUE,FALSE
"Grm4",FALSE,TRUE,FALSE
"Gstm6",FALSE,TRUE,TRUE
"Gsx1",FALSE,TRUE,FALSE
"Gtsf1l",FALSE,TRUE,FALSE
"H2-Q7",FALSE,TRUE,FALSE
"Hdc",FALSE,TRUE,FALSE
"Heyl",FALSE,TRUE,FALSE
"Hhip",FALSE,TRUE,TRUE
"Hmgcs2",FALSE,TRUE,FALSE
"Hmx3",FALSE,TRUE,TRUE
"Hotairm1",FALSE,TRUE,TRUE
"Hpse2",FALSE,TRUE,TRUE
"Hspb1",FALSE,TRUE,FALSE
"Htr4",FALSE,TRUE,TRUE
"Htr6",FALSE,TRUE,FALSE
"Hydin",FALSE,TRUE,FALSE
"Hyou1",FALSE,TRUE,FALSE
"Id4",FALSE,TRUE,TRUE
"Ido1",FALSE,TRUE,TRUE
"Igfbpl1",FALSE,TRUE,TRUE
"Igsf1",FALSE,TRUE,TRUE
"Igsf10",FALSE,TRUE,FALSE
"Ikzf3",FALSE,TRUE,TRUE
"Il12rb1",FALSE,TRUE,FALSE
"Il13ra1",FALSE,TRUE,FALSE
"Il20ra",FALSE,TRUE,FALSE
"Impg1",FALSE,TRUE,FALSE
"Inf2",FALSE,TRUE,TRUE
"Inpp4b",FALSE,TRUE,TRUE
"Inpp5f",FALSE,TRUE,TRUE
"Ins2",FALSE,TRUE,FALSE
"Insm1",FALSE,TRUE,FALSE
"Insrr",FALSE,TRUE,FALSE
"Iqca",FALSE,TRUE,FALSE
"Iqcg",FALSE,TRUE,FALSE
"Iqch",FALSE,TRUE,FALSE
"Iqgap3",FALSE,TRUE,FALSE
"Irf2bp1",FALSE,TRUE,FALSE
"Irx1",FALSE,TRUE,TRUE
"Irx2",FALSE,TRUE,FALSE
"Irx3",FALSE,TRUE,FALSE
"Irx5",FALSE,TRUE,FALSE
"Isl1",FALSE,TRUE,TRUE
"Isoc1",FALSE,TRUE,TRUE
"Isyna1",FALSE,TRUE,TRUE
"Itga2",FALSE,TRUE,FALSE
"Itga3",FALSE,TRUE,FALSE
"Itga5",FALSE,TRUE,TRUE
"Itga9",FALSE,TRUE,FALSE
"Itih3",FALSE,TRUE,TRUE
"Itm2c",FALSE,TRUE,FALSE
"Jade2",FALSE,TRUE,FALSE
"Katnal2",FALSE,TRUE,FALSE
"Kcna4",FALSE,TRUE,FALSE
"Kcne1l",FALSE,TRUE,TRUE
"Kcnh2",FALSE,TRUE,TRUE
"Kcnh8",FALSE,TRUE,TRUE
"Kcnj5",FALSE,TRUE,TRUE
"Kcnmb1",FALSE,TRUE,TRUE
"Kcnn3",FALSE,TRUE,TRUE
"Kcnn4",FALSE,TRUE,FALSE
"Kcnv2",FALSE,TRUE,FALSE
"Kctd12",FALSE,TRUE,FALSE
"Kctd8",FALSE,TRUE,FALSE
"Kdm4dl",FALSE,TRUE,FALSE
"Kdr",FALSE,TRUE,FALSE
"Kif15",FALSE,TRUE,FALSE
"Kif23",FALSE,TRUE,FALSE
"Kif24",FALSE,TRUE,FALSE
"Kif2c",FALSE,TRUE,FALSE
"Kif6",FALSE,TRUE,FALSE
"Kirrel",FALSE,TRUE,TRUE
"Kirrel3",FALSE,TRUE,FALSE
"Kl",FALSE,TRUE,TRUE
"Klhl1",FALSE,TRUE,TRUE
"Klk6",FALSE,TRUE,FALSE
"Knl1",FALSE,TRUE,FALSE
"Krt15",FALSE,TRUE,FALSE
"Krt18",FALSE,TRUE,TRUE
"Krt20",FALSE,TRUE,FALSE
"Krt25",FALSE,TRUE,FALSE
"Krt26",FALSE,TRUE,TRUE
"Krt8",FALSE,TRUE,TRUE
"Krt90",FALSE,TRUE,FALSE
"Lamb1",FALSE,TRUE,FALSE
"Lamc1",FALSE,TRUE,FALSE
"Lancl3",FALSE,TRUE,TRUE
"Ldlr",FALSE,TRUE,FALSE
"Ldlrad2",FALSE,TRUE,FALSE
"Lgals3",FALSE,TRUE,FALSE
"Lgals3bp",FALSE,TRUE,FALSE
"Lgr5",FALSE,TRUE,FALSE
"Lhcgr",FALSE,TRUE,FALSE
"Lhfpl5",FALSE,TRUE,TRUE
"Lhx1",FALSE,TRUE,FALSE
"Lhx1os",FALSE,TRUE,FALSE
"Lhx5",FALSE,TRUE,FALSE
"Lhx6",FALSE,TRUE,TRUE
"Lingo3",FALSE,TRUE,TRUE
"Lmnb1",FALSE,TRUE,FALSE
"Lmo2",FALSE,TRUE,TRUE
"Lmx1a",FALSE,TRUE,TRUE
"Lncenc1",FALSE,TRUE,TRUE
"Loxl1",FALSE,TRUE,TRUE
"Lratd1",FALSE,TRUE,FALSE
"Lrig1",FALSE,TRUE,FALSE
"Lrp2",FALSE,TRUE,FALSE
"Lrp8os2",FALSE,TRUE,TRUE
"Lrrc1",FALSE,TRUE,TRUE
"Lrrc10b",FALSE,TRUE,TRUE
"Lrrc23",FALSE,TRUE,FALSE
"Lrrc32",FALSE,TRUE,FALSE
"Lrrc34",FALSE,TRUE,FALSE
"Lrrc36",FALSE,TRUE,FALSE
"Lrrc46",FALSE,TRUE,FALSE
"Lrrc71",FALSE,TRUE,FALSE
"Lrrc74b",FALSE,TRUE,TRUE
"Lrrc9",FALSE,TRUE,TRUE
"Maats1",FALSE,TRUE,FALSE
"Mab21l1",FALSE,TRUE,FALSE
"Mab21l2",FALSE,TRUE,TRUE
"Mag",FALSE,TRUE,TRUE
"Maged1",FALSE,TRUE,FALSE
"Mall",FALSE,TRUE,FALSE
"Man1a",FALSE,TRUE,FALSE
"Map2k1",FALSE,TRUE,FALSE
"Mcm2",FALSE,TRUE,FALSE
"Mcm5",FALSE,TRUE,FALSE
"Mctp1",FALSE,TRUE,FALSE
"Megf11",FALSE,TRUE,FALSE
"Megf6",FALSE,TRUE,FALSE
"Mex3a",FALSE,TRUE,FALSE
"Mfrp",FALSE,TRUE,TRUE
"Mgl2",FALSE,TRUE,FALSE
"Mki67",FALSE,TRUE,FALSE
"Mlf1",FALSE,TRUE,TRUE
"Mmel1",FALSE,TRUE,TRUE
"Mmp15",FALSE,TRUE,FALSE
"Mmp2",FALSE,TRUE,FALSE
"Mmrn2",FALSE,TRUE,FALSE
"Mns1",FALSE,TRUE,FALSE
"Mob3b",FALSE,TRUE,TRUE
"Morn3",FALSE,TRUE,FALSE
"Mospd4",FALSE,TRUE,FALSE
"Moxd1",FALSE,TRUE,FALSE
"Mpp7",FALSE,TRUE,TRUE
"Mrap2",FALSE,TRUE,TRUE
"Mrgpre",FALSE,TRUE,FALSE
"Ms4a15",FALSE,TRUE,FALSE
"Mthfd2",FALSE,TRUE,FALSE
"Myb",FALSE,TRUE,FALSE
"Mycbpap",FALSE,TRUE,FALSE
"Myo1b",FALSE,TRUE,FALSE
"Myo1d",FALSE,TRUE,FALSE
"Myo7b",FALSE,TRUE,TRUE
"Myot",FALSE,TRUE,FALSE
"Myrf",FALSE,TRUE,TRUE
"N4bp3",FALSE,TRUE,FALSE
"Naip2",FALSE,TRUE,FALSE
"Nap1l5",FALSE,TRUE,TRUE
"Ncapg",FALSE,TRUE,FALSE
"Nccrp1",FALSE,TRUE,TRUE
"Ndnf",FALSE,TRUE,FALSE
"Ndst4",FALSE,TRUE,TRUE
"Nedd4",FALSE,TRUE,FALSE
"Nek10",FALSE,TRUE,FALSE
"Nek2",FALSE,TRUE,FALSE
"Nek5",FALSE,TRUE,FALSE
"Nell1",FALSE,TRUE,FALSE
"Nfasc",FALSE,TRUE,FALSE
"Nfatc2",FALSE,TRUE,TRUE
"Nhlh2",FALSE,TRUE,FALSE
"Nhsl2",FALSE,TRUE,FALSE
"Nid1",FALSE,TRUE,FALSE
"Nipal2",FALSE,TRUE,TRUE
"Nipal4",FALSE,TRUE,TRUE
"Nkain3",FALSE,TRUE,TRUE
"Nme9",FALSE,TRUE,FALSE
"Nms",FALSE,TRUE,TRUE
"Nmu",FALSE,TRUE,FALSE
"Nmur2",FALSE,TRUE,TRUE
"Notch3",FALSE,TRUE,FALSE
"Npffr1",FALSE,TRUE,TRUE
"Npffr2",FALSE,TRUE,TRUE
"Npy2r",FALSE,TRUE,TRUE
"Npy5r",FALSE,TRUE,FALSE
"Nr2f2",FALSE,TRUE,FALSE
"Nrp2",FALSE,TRUE,TRUE
"Ntn1",FALSE,TRUE,TRUE
"Nts",FALSE,TRUE,TRUE
"Nusap1",FALSE,TRUE,FALSE
"Nynrin",FALSE,TRUE,TRUE
"Odf3b",FALSE,TRUE,FALSE
"Ogfod3",FALSE,TRUE,FALSE
"Olfm4",FALSE,TRUE,TRUE
"Olfr324",FALSE,TRUE,FALSE
"Olig2",FALSE,TRUE,FALSE
"Onecut3",FALSE,TRUE,TRUE
"Oprk1",FALSE,TRUE,TRUE
"Oprm1",FALSE,TRUE,TRUE
"Optc",FALSE,TRUE,FALSE
"Otp",FALSE,TRUE,FALSE
"Otx2os1",FALSE,TRUE,TRUE
"Oxt",FALSE,TRUE,TRUE
"P2rx5",FALSE,TRUE,FALSE
"Pag1",FALSE,TRUE,FALSE
"Pappa",FALSE,TRUE,TRUE
"Pard3",FALSE,TRUE,TRUE
"Parvb",FALSE,TRUE,FALSE
"Patj",FALSE,TRUE,TRUE
"Pcdh17",FALSE,TRUE,TRUE
"Pcdh18",FALSE,TRUE,FALSE
"Pcdh8",FALSE,TRUE,FALSE
"Pcdhb1",FALSE,TRUE,FALSE
"Pcdhb10",FALSE,TRUE,FALSE
"Pcdhb16",FALSE,TRUE,FALSE
"Pcdhb6",FALSE,TRUE,FALSE
"Pcdhga10",FALSE,TRUE,FALSE
"Pcdhga4",FALSE,TRUE,FALSE
"Pcdhga7",FALSE,TRUE,FALSE
"Pcdhga9",FALSE,TRUE,FALSE
"Pcdhgb5",FALSE,TRUE,FALSE
"Pcdhgb6",FALSE,TRUE,FALSE
"Pcdhgc4",FALSE,TRUE,FALSE
"Pclaf",FALSE,TRUE,FALSE
"Pde11a",FALSE,TRUE,FALSE
"Pde3a",FALSE,TRUE,FALSE
"Pdgfra",FALSE,TRUE,FALSE
"Pdgfrb",FALSE,TRUE,FALSE
"Pecam1",FALSE,TRUE,FALSE
"Peg3",FALSE,TRUE,TRUE
"Pfkfb3",FALSE,TRUE,FALSE
"Pgap1",FALSE,TRUE,FALSE
"Pif1",FALSE,TRUE,FALSE
"Pifo",FALSE,TRUE,FALSE
"Pih1h3b",FALSE,TRUE,FALSE
"Pimreg",FALSE,TRUE,FALSE
"Pipox",FALSE,TRUE,TRUE
"Pklr",FALSE,TRUE,FALSE
"Plce1",FALSE,TRUE,TRUE
"Plch1",FALSE,TRUE,FALSE
"Pld5",FALSE,TRUE,TRUE
"Pld6",FALSE,TRUE,TRUE
"Plin5",FALSE,TRUE,FALSE
"Plk5",FALSE,TRUE,TRUE
"Plppr3",FALSE,TRUE,FALSE
"Pltp",FALSE,TRUE,FALSE
"Plxnb3",FALSE,TRUE,TRUE
"Pnma3",FALSE,TRUE,FALSE
"Pnmal2",FALSE,TRUE,FALSE
"Pnoc",FALSE,TRUE,FALSE
"Podxl",FALSE,TRUE,FALSE
"Postn",FALSE,TRUE,TRUE
"Ppp1r17",FALSE,TRUE,FALSE
"Ppp1r32",FALSE,TRUE,FALSE
"Ppp1r36",FALSE,TRUE,FALSE
"Prc1",FALSE,TRUE,FALSE
"Prdm13",FALSE,TRUE,FALSE
"Prdm16",FALSE,TRUE,TRUE
"Prelp",FALSE,TRUE,FALSE
"Prkcd",FALSE,TRUE,TRUE
"Prlhr",FALSE,TRUE,TRUE
"Prrg4",FALSE,TRUE,TRUE
"Prrt4",FALSE,TRUE,FALSE
"Ptch1",FALSE,TRUE,FALSE
"Ptch2",FALSE,TRUE,TRUE
"Ptger2",FALSE,TRUE,TRUE
"Ptprb",FALSE,TRUE,FALSE
"Ptpro",FALSE,TRUE,TRUE
"Pwwp3b",FALSE,TRUE,TRUE
"Pygl",FALSE,TRUE,FALSE
"Rab11fip1",FALSE,TRUE,FALSE
"Rab27a",FALSE,TRUE,FALSE
"Radx",FALSE,TRUE,FALSE
"Rarres2",FALSE,TRUE,TRUE
"Rassf10",FALSE,TRUE,FALSE
"Rassf4",FALSE,TRUE,TRUE
"Rassf7",FALSE,TRUE,FALSE
"Rassf9",FALSE,TRUE,FALSE
"Rbms3",FALSE,TRUE,TRUE
"Rbp2",FALSE,TRUE,FALSE
"Rcan3",FALSE,TRUE,TRUE
"Rcn1",FALSE,TRUE,FALSE
"Rd3",FALSE,TRUE,FALSE
"Rerg",FALSE,TRUE,TRUE
"Resp18",FALSE,TRUE,TRUE
"Ret",FALSE,TRUE,TRUE
"Retn",FALSE,TRUE,TRUE
"Rgs22",FALSE,TRUE,FALSE
"Rgs8",FALSE,TRUE,FALSE
"Rhcg",FALSE,TRUE,TRUE
"Rimkla",FALSE,TRUE,TRUE
"Ripk4",FALSE,TRUE,TRUE
"Rnase2a",FALSE,TRUE,TRUE
"Rnase6",FALSE,TRUE,FALSE
"Rnf122",FALSE,TRUE,TRUE
"Rnf138rt1",FALSE,TRUE,TRUE
"Robo1",FALSE,TRUE,TRUE
"Rps6ka6",FALSE,TRUE,TRUE
"Rrbp1",FALSE,TRUE,FALSE
"Rsph1",FALSE,TRUE,FALSE
"Rsph4a",FALSE,TRUE,FALSE
"Rspo4",FALSE,TRUE,TRUE
"Rtl1",FALSE,TRUE,TRUE
"Rtl4",FALSE,TRUE,FALSE
"Rtl5",FALSE,TRUE,TRUE
"Rtl8a",FALSE,TRUE,FALSE
"Rtl8c",FALSE,TRUE,FALSE
"Rtl9",FALSE,TRUE,TRUE
"Rtp2",FALSE,TRUE,TRUE
"Rxfp3",FALSE,TRUE,FALSE
"S1pr2",FALSE,TRUE,FALSE
"Sall2",FALSE,TRUE,FALSE
"Sap30bpos",FALSE,TRUE,TRUE
"Scara5",FALSE,TRUE,TRUE
"Scg2",FALSE,TRUE,FALSE
"Scgn",FALSE,TRUE,TRUE
"Scml4",FALSE,TRUE,TRUE
"Scn10a",FALSE,TRUE,TRUE
"Scn11a",FALSE,TRUE,FALSE
"Scn7a",FALSE,TRUE,FALSE
"Sdc2",FALSE,TRUE,TRUE
"Sdk1",FALSE,TRUE,FALSE
"Sema3f",FALSE,TRUE,FALSE
"Sema3g",FALSE,TRUE,FALSE
"Sema4d",FALSE,TRUE,FALSE
"Sema5a",FALSE,TRUE,FALSE
"Sema6a",FALSE,TRUE,FALSE
"Serpina3e-ps",FALSE,TRUE,FALSE
"Serpina3g",FALSE,TRUE,TRUE
"Serpina3n",FALSE,TRUE,FALSE
"Serpinb1b",FALSE,TRUE,TRUE
"Serpine1",FALSE,TRUE,FALSE
"Serpine3",FALSE,TRUE,FALSE
"Sertad4",FALSE,TRUE,FALSE
"Sfrp1",FALSE,TRUE,FALSE
"Sfrp2",FALSE,TRUE,FALSE
"Sfrp5",FALSE,TRUE,FALSE
"Sgms2",FALSE,TRUE,FALSE
"Sgpp2",FALSE,TRUE,FALSE
"Sh3bgr",FALSE,TRUE,FALSE
"Sh3bp4",FALSE,TRUE,FALSE
"Shb",FALSE,TRUE,TRUE
"Shh",FALSE,TRUE,TRUE
"Shisa2",FALSE,TRUE,TRUE
"Shisa9",FALSE,TRUE,FALSE
"Siglec1",FALSE,TRUE,FALSE
"Slc10a4l",FALSE,TRUE,FALSE
"Slc14a2",FALSE,TRUE,TRUE
"Slc16a8",FALSE,TRUE,TRUE
"Slc18a2",FALSE,TRUE,TRUE
"Slc19a3",FALSE,TRUE,FALSE
"Slc1a6",FALSE,TRUE,FALSE
"Slc22a12",FALSE,TRUE,FALSE
"Slc24a4",FALSE,TRUE,FALSE
"Slc25a13",FALSE,TRUE,TRUE
"Slc26a10",FALSE,TRUE,TRUE
"Slc27a2",FALSE,TRUE,TRUE
"Slc27a3",FALSE,TRUE,FALSE
"Slc29a1",FALSE,TRUE,FALSE
"Slc2a12",FALSE,TRUE,TRUE
"Slc2a4",FALSE,TRUE,FALSE
"Slc30a1",FALSE,TRUE,FALSE
"Slc32a1",FALSE,TRUE,TRUE
"Slc35f2",FALSE,TRUE,FALSE
"Slc38a5",FALSE,TRUE,FALSE
"Slc39a4",FALSE,TRUE,FALSE
"Slc45a3",FALSE,TRUE,FALSE
"Slc4a5",FALSE,TRUE,TRUE
"Slc4a9",FALSE,TRUE,FALSE
"Slc5a3",FALSE,TRUE,TRUE
"Slc6a11",FALSE,TRUE,TRUE
"Slc6a16",FALSE,TRUE,TRUE
"Slc6a19",FALSE,TRUE,FALSE
"Slc6a9",FALSE,TRUE,FALSE
"Slc7a14",FALSE,TRUE,TRUE
"Slc7a3",FALSE,TRUE,FALSE
"Slc8a3",FALSE,TRUE,FALSE
"Slco1a5",FALSE,TRUE,FALSE
"Slco5a1",FALSE,TRUE,TRUE
"Smad3",FALSE,TRUE,FALSE
"Smoc1",FALSE,TRUE,FALSE
"Sncaip",FALSE,TRUE,FALSE
"Sncg",FALSE,TRUE,TRUE
"Sntg2",FALSE,TRUE,TRUE
"Sntn",FALSE,TRUE,FALSE
"Soga1",FALSE,TRUE,FALSE
"Sox1",FALSE,TRUE,TRUE
"Sox10",FALSE,TRUE,FALSE
"Sox11",FALSE,TRUE,FALSE
"Sox13",FALSE,TRUE,FALSE
"Sox3",FALSE,TRUE,FALSE
"Sp7",FALSE,TRUE,TRUE
"Spag16",FALSE,TRUE,FALSE
"Spag17",FALSE,TRUE,FALSE
"Spag6l",FALSE,TRUE,FALSE
"Spag8",FALSE,TRUE,FALSE
"Spata13",FALSE,TRUE,TRUE
"Spata18",FALSE,TRUE,FALSE
"Spdl1",FALSE,TRUE,FALSE
"Spef2",FALSE,TRUE,FALSE
"Sptlc3",FALSE,TRUE,TRUE
"Srebf1",FALSE,TRUE,FALSE
"Sstr5",FALSE,TRUE,TRUE
"St18",FALSE,TRUE,FALSE
"St8sia6",FALSE,TRUE,TRUE
"Stac",FALSE,TRUE,TRUE
"Stc1",FALSE,TRUE,FALSE
"Steap1",FALSE,TRUE,TRUE
"Steap2",FALSE,TRUE,FALSE
"Stk26",FALSE,TRUE,TRUE
"Stk32b",FALSE,TRUE,TRUE
"Strn",FALSE,TRUE,TRUE
"Stx11",FALSE,TRUE,FALSE
"Styk1",FALSE,TRUE,TRUE
"Styxl1",FALSE,TRUE,FALSE
"Sun2",FALSE,TRUE,FALSE
"Susd2",FALSE,TRUE,TRUE
"Svep1",FALSE,TRUE,FALSE
"Syt15",FALSE,TRUE,FALSE
"Syt2",FALSE,TRUE,FALSE
"Sytl4",FALSE,TRUE,TRUE
"Tac2",FALSE,TRUE,FALSE
"Tagln",FALSE,TRUE,FALSE
"Tagln2",FALSE,TRUE,FALSE
"Tbx4",FALSE,TRUE,FALSE
"Tcaf2",FALSE,TRUE,FALSE
"Tcf7l2",FALSE,TRUE,TRUE
"Tchh",FALSE,TRUE,FALSE
"Tctex1d4",FALSE,TRUE,FALSE
"Tek",FALSE,TRUE,FALSE
"Tekt1",FALSE,TRUE,FALSE
"Tekt3",FALSE,TRUE,FALSE
"Tekt4",FALSE,TRUE,FALSE
"Tenm1",FALSE,TRUE,TRUE
"Tenm4",FALSE,TRUE,FALSE
"Tgfa",FALSE,TRUE,TRUE
"Thsd7a",FALSE,TRUE,FALSE
"Thumpd1",FALSE,TRUE,FALSE
"Ticrr",FALSE,TRUE,FALSE
"Tinagl1",FALSE,TRUE,FALSE
"Tjp3",FALSE,TRUE,FALSE
"Tm4sf5",FALSE,TRUE,TRUE
"Tmcc3",FALSE,TRUE,TRUE
"Tmem130",FALSE,TRUE,TRUE
"Tmem200b",FALSE,TRUE,FALSE
"Tmem212",FALSE,TRUE,FALSE
"Tmem231",FALSE,TRUE,FALSE
"Tmem255a",FALSE,TRUE,TRUE
"Tmem72",FALSE,TRUE,TRUE
"Tmem91",FALSE,TRUE,TRUE
"Tmie",FALSE,TRUE,TRUE
"Tmprss11a",FALSE,TRUE,TRUE
"Tmprss3",FALSE,TRUE,FALSE
"Tmprss9",FALSE,TRUE,TRUE
"Tmx4",FALSE,TRUE,FALSE
"Tnfaip8l3",FALSE,TRUE,FALSE
"Tnfrsf8",FALSE,TRUE,TRUE
"Tnr",FALSE,TRUE,FALSE
"Top2a",FALSE,TRUE,FALSE
"Tox2",FALSE,TRUE,FALSE
"Tpm2",FALSE,TRUE,TRUE
"Tppp3",FALSE,TRUE,TRUE
"Tpx2",FALSE,TRUE,FALSE
"Traf1",FALSE,TRUE,FALSE
"Trdn",FALSE,TRUE,TRUE
"Trf",FALSE,TRUE,FALSE
"Trim62",FALSE,TRUE,FALSE
"Tro",FALSE,TRUE,FALSE
"Trp73",FALSE,TRUE,TRUE
"Tshz1",FALSE,TRUE,FALSE
"Tsnaxip1",FALSE,TRUE,FALSE
"Tspan18",FALSE,TRUE,FALSE
"Tspyl3",FALSE,TRUE,FALSE
"Ttc12",FALSE,TRUE,FALSE
"Ttc21a",FALSE,TRUE,FALSE
"Ttc25",FALSE,TRUE,FALSE
"Ttc29",FALSE,TRUE,FALSE
"Ttc39a",FALSE,TRUE,TRUE
"Ttc39c",FALSE,TRUE,FALSE
"Ttr",FALSE,TRUE,TRUE
"Tuft1",FALSE,TRUE,FALSE
"Tunar",FALSE,TRUE,FALSE
"Txndc5",FALSE,TRUE,FALSE
"Ube2c",FALSE,TRUE,FALSE
"Ubxn10",FALSE,TRUE,FALSE
"Ufsp1",FALSE,TRUE,FALSE
"Uhrf1",FALSE,TRUE,FALSE
"Unc5b",FALSE,TRUE,FALSE
"Uncx",FALSE,TRUE,FALSE
"Ush1c",FALSE,TRUE,FALSE
"Usp11",FALSE,TRUE,FALSE
"Usp29",FALSE,TRUE,TRUE
"Usp51",FALSE,TRUE,FALSE
"Uts2r",FALSE,TRUE,TRUE
"Vangl1",FALSE,TRUE,TRUE
"Vat1",FALSE,TRUE,TRUE
"Vax1",FALSE,TRUE,TRUE
"Vcan",FALSE,TRUE,FALSE
"Vgf",FALSE,TRUE,FALSE
"Vrk1",FALSE,TRUE,TRUE
"Vrtn",FALSE,TRUE,TRUE
"Vsig8",FALSE,TRUE,TRUE
"Vstm2l",FALSE,TRUE,FALSE
"Vwf",FALSE,TRUE,FALSE
"Wdr6",FALSE,TRUE,FALSE
"Wdr63",FALSE,TRUE,FALSE
"Wdr72",FALSE,TRUE,TRUE
"Wdr86",FALSE,TRUE,TRUE
"Wfs1",FALSE,TRUE,TRUE
"Wnt7a",FALSE,TRUE,FALSE
"Wscd2",FALSE,TRUE,FALSE
"Xkr8",FALSE,TRUE,FALSE
"Xxylt1",FALSE,TRUE,FALSE
"Zar1",FALSE,TRUE,TRUE
"Zbtb7c",FALSE,TRUE,FALSE
"Zcwpw1",FALSE,TRUE,TRUE
"Zfhx4",FALSE,TRUE,TRUE
"Zfp280b",FALSE,TRUE,TRUE
"Zfp395",FALSE,TRUE,FALSE
"Zfp41",FALSE,TRUE,FALSE
"Zfp462",FALSE,TRUE,FALSE
"Zfp474",FALSE,TRUE,FALSE
"Zfp516",FALSE,TRUE,TRUE
"Zfp520-ps",FALSE,TRUE,FALSE
"Zfp521",FALSE,TRUE,TRUE
"Zfp819",FALSE,TRUE,FALSE
"Zfp941",FALSE,TRUE,TRUE
"Zic2",FALSE,TRUE,FALSE
"Zic3",FALSE,TRUE,TRUE
"Zic4",FALSE,TRUE,TRUE
"Zim1",FALSE,TRUE,TRUE
"Zkscan16",FALSE,TRUE,TRUE
"Zswim5",FALSE,TRUE,FALSE
"Zswim6",FALSE,TRUE,TRUE
"1700007F19Rik",FALSE,FALSE,TRUE
"1700010I14Rik",FALSE,FALSE,TRUE
"1700019N19Rik",FALSE,FALSE,TRUE
"1700047M11Rik",FALSE,FALSE,TRUE
"2010204K13Rik",FALSE,FALSE,TRUE
"2700069I18Rik",FALSE,FALSE,TRUE
"4930432E11Rik",FALSE,FALSE,TRUE
"4930452G13Rik",FALSE,FALSE,TRUE
"4930500F10Rik",FALSE,FALSE,TRUE
"4933407K13Rik",FALSE,FALSE,TRUE
"4933407L21Rik",FALSE,FALSE,TRUE
"5530401A14Rik",FALSE,FALSE,TRUE
"9630013A20Rik",FALSE,FALSE,TRUE
"A230006K03Rik",FALSE,FALSE,TRUE
"A330074K22Rik",FALSE,FALSE,TRUE
"A930002C04Rik",FALSE,FALSE,TRUE
"Acy1",FALSE,FALSE,TRUE
"Adcy7",FALSE,FALSE,TRUE
"Apoc1",FALSE,FALSE,TRUE
"Asb18",FALSE,FALSE,TRUE
"Aspa",FALSE,FALSE,TRUE
"Atp11c",FALSE,FALSE,TRUE
"B230303A05Rik",FALSE,FALSE,TRUE
"BC043934",FALSE,FALSE,TRUE
"BC064078",FALSE,FALSE,TRUE
"Bard1",FALSE,FALSE,TRUE
"Bfsp2",FALSE,FALSE,TRUE
"Bhmt",FALSE,FALSE,TRUE
"Bsx",FALSE,FALSE,TRUE
"Btbd16",FALSE,FALSE,TRUE
"C1qtnf12",FALSE,FALSE,TRUE
"C78859",FALSE,FALSE,TRUE
"Cacna1h",FALSE,FALSE,TRUE
"Casz1",FALSE,FALSE,TRUE
"Cbr3",FALSE,FALSE,TRUE
"Ccdc42",FALSE,FALSE,TRUE
"Cd1d1",FALSE,FALSE,TRUE
"Cd38",FALSE,FALSE,TRUE
"Cdc14b",FALSE,FALSE,TRUE
"Cdh19",FALSE,FALSE,TRUE
"Cdh26",FALSE,FALSE,TRUE
"Cdh3",FALSE,FALSE,TRUE
"Cfap46",FALSE,FALSE,TRUE
"Cfap70",FALSE,FALSE,TRUE
"Chia1",FALSE,FALSE,TRUE
"Chic1",FALSE,FALSE,TRUE
"Cldn11",FALSE,FALSE,TRUE
"Cnp",FALSE,FALSE,TRUE
"Cntnap5c",FALSE,FALSE,TRUE
"Col6a5",FALSE,FALSE,TRUE
"Cyp2a5",FALSE,FALSE,TRUE
"D930028M14Rik",FALSE,FALSE,TRUE
"Dach2",FALSE,FALSE,TRUE
"Dhdh",FALSE,FALSE,TRUE
"Dlec1",FALSE,FALSE,TRUE
"Dnaaf3",FALSE,FALSE,TRUE
"Dnah1",FALSE,FALSE,TRUE
"Dnah7b",FALSE,FALSE,TRUE
"Dnah9",FALSE,FALSE,TRUE
"Eda2r",FALSE,FALSE,TRUE
"Egf",FALSE,FALSE,TRUE
"Ephx1",FALSE,FALSE,TRUE
"Erbb3",FALSE,FALSE,TRUE
"Ermn",FALSE,FALSE,TRUE
"Fam102b",FALSE,FALSE,TRUE
"Fam131c",FALSE,FALSE,TRUE
"Fam161a",FALSE,FALSE,TRUE
"Fam92b",FALSE,FALSE,TRUE
"Fbxl21",FALSE,FALSE,TRUE
"Fgf16",FALSE,FALSE,TRUE
"Fibcd1",FALSE,FALSE,TRUE
"G630016G05Rik",FALSE,FALSE,TRUE
"Gabrg1",FALSE,FALSE,TRUE
"Galnt13",FALSE,FALSE,TRUE
"Ghsr",FALSE,FALSE,TRUE
"Gjb1",FALSE,FALSE,TRUE
"Glra2",FALSE,FALSE,TRUE
"Gm10125",FALSE,FALSE,TRUE
"Gm10421",FALSE,FALSE,TRUE
"Gm1110",FALSE,FALSE,TRUE
"Gm14114",FALSE,FALSE,TRUE
"Gm14569",FALSE,FALSE,TRUE
"Gm15328",FALSE,FALSE,TRUE
"Gm15767",FALSE,FALSE,TRUE
"Gm16075",FALSE,FALSE,TRUE
"Gm16323",FALSE,FALSE,TRUE
"Gm17546",FALSE,FALSE,TRUE
"Gm18406",FALSE,FALSE,TRUE
"Gm19461",FALSE,FALSE,TRUE
"Gm2155",FALSE,FALSE,TRUE
"Gm26592",FALSE,FALSE,TRUE
"Gm26614",FALSE,FALSE,TRUE
"Gm26645",FALSE,FALSE,TRUE
"Gm26793",FALSE,FALSE,TRUE
"Gm2721",FALSE,FALSE,TRUE
"Gm29478",FALSE,FALSE,TRUE
"Gm29543",FALSE,FALSE,TRUE
"Gm29771",FALSE,FALSE,TRUE
"Gm31135",FALSE,FALSE,TRUE
"Gm31356",FALSE,FALSE,TRUE
"Gm31621",FALSE,FALSE,TRUE
"Gm32633",FALSE,FALSE,TRUE
"Gm33869",FALSE,FALSE,TRUE
"Gm34004",FALSE,FALSE,TRUE
"Gm34299",FALSE,FALSE,TRUE
"Gm34883",FALSE,FALSE,TRUE
"Gm35394",FALSE,FALSE,TRUE
"Gm36447",FALSE,FALSE,TRUE
"Gm36936",FALSE,FALSE,TRUE
"Gm38077",FALSE,FALSE,TRUE
"Gm42692",FALSE,FALSE,TRUE
"Gm43185",FALSE,FALSE,TRUE
"Gm44560",FALSE,FALSE,TRUE
"Gm44644",FALSE,FALSE,TRUE
"Gm44846",FALSE,FALSE,TRUE
"Gm47157",FALSE,FALSE,TRUE
"Gm48482",FALSE,FALSE,TRUE
"Gm48485",FALSE,FALSE,TRUE
"Gm48536",FALSE,FALSE,TRUE
"Gm48804",FALSE,FALSE,TRUE
"Gm4926",FALSE,FALSE,TRUE
"Gm49702",FALSE,FALSE,TRUE
"Gm50024",FALSE,FALSE,TRUE
"Gm50144",FALSE,FALSE,TRUE
"Gm5855",FALSE,FALSE,TRUE
"Gm6556",FALSE,FALSE,TRUE
"Gm8104",FALSE,FALSE,TRUE
"Gpr153",FALSE,FALSE,TRUE
"Gsc2",FALSE,FALSE,TRUE
"Gulp1",FALSE,FALSE,TRUE
"H2-DMb2",FALSE,FALSE,TRUE
"H2-Q2",FALSE,FALSE,TRUE
"Has1",FALSE,FALSE,TRUE
"Hc",FALSE,FALSE,TRUE
"Heph",FALSE,FALSE,TRUE
"Hmx2",FALSE,FALSE,TRUE
"Hp",FALSE,FALSE,TRUE
"Hsf4",FALSE,FALSE,TRUE
"Ifi27l2a",FALSE,FALSE,TRUE
"Impact",FALSE,FALSE,TRUE
"Insl6",FALSE,FALSE,TRUE
"Itga11",FALSE,FALSE,TRUE
"Jph2",FALSE,FALSE,TRUE
"Kcnh6",FALSE,FALSE,TRUE
"Khdrbs2",FALSE,FALSE,TRUE
"Klc3",FALSE,FALSE,TRUE
"Kncn",FALSE,FALSE,TRUE
"Krt10",FALSE,FALSE,TRUE
"Krt14",FALSE,FALSE,TRUE
"Lhfpl1",FALSE,FALSE,TRUE
"Lhfpl3",FALSE,FALSE,TRUE
"Lhx9",FALSE,FALSE,TRUE
"Lin28b",FALSE,FALSE,TRUE
"Lrig3",FALSE,FALSE,TRUE
"Lrp2bp",FALSE,FALSE,TRUE
"Mal",FALSE,FALSE,TRUE
"Map3k15",FALSE,FALSE,TRUE
"Mb",FALSE,FALSE,TRUE
"Mcoln3",FALSE,FALSE,TRUE
"Mfsd7a",FALSE,FALSE,TRUE
"Mgst1",FALSE,FALSE,TRUE
"Minar2",FALSE,FALSE,TRUE
"Mobp",FALSE,FALSE,TRUE
"Mog",FALSE,FALSE,TRUE
"Mtcp1",FALSE,FALSE,TRUE
"N4bp2",FALSE,FALSE,TRUE
"Neu4",FALSE,FALSE,TRUE
"Nkx6-2",FALSE,FALSE,TRUE
"Nmnat3",FALSE,FALSE,TRUE
"Nrip2",FALSE,FALSE,TRUE
"Nrl",FALSE,FALSE,TRUE
"Nsun7",FALSE,FALSE,TRUE
"Onecut2",FALSE,FALSE,TRUE
"Ooep",FALSE,FALSE,TRUE
"Patl2",FALSE,FALSE,TRUE
"Pcbd1",FALSE,FALSE,TRUE
"Phactr2",FALSE,FALSE,TRUE
"Pla2g4b",FALSE,FALSE,TRUE
"Plcxd1",FALSE,FALSE,TRUE
"Plcz1",FALSE,FALSE,TRUE
"Plekhh1",FALSE,FALSE,TRUE
"Plp1",FALSE,FALSE,TRUE
"Plpp2",FALSE,FALSE,TRUE
"Ppp1r2",FALSE,FALSE,TRUE
"Ppp4r4",FALSE,FALSE,TRUE
"Ptprv",FALSE,FALSE,TRUE
"Qpct",FALSE,FALSE,TRUE
"Rab9b",FALSE,FALSE,TRUE
"Rasd1",FALSE,FALSE,TRUE
"Rassf8",FALSE,FALSE,TRUE
"Rmst",FALSE,FALSE,TRUE
"Rnf207",FALSE,FALSE,TRUE
"Ryr3",FALSE,FALSE,TRUE
"Samd3",FALSE,FALSE,TRUE
"Sbsn",FALSE,FALSE,TRUE
"Sec14l5",FALSE,FALSE,TRUE
"Selenov",FALSE,FALSE,TRUE
"Serpinb1a",FALSE,FALSE,TRUE
"Shcbp1l",FALSE,FALSE,TRUE
"Shisal2a",FALSE,FALSE,TRUE
"Six6",FALSE,FALSE,TRUE
"Sln",FALSE,FALSE,TRUE
"Smim1",FALSE,FALSE,TRUE
"Smim17",FALSE,FALSE,TRUE
"Smyd1",FALSE,FALSE,TRUE
"Sntb1",FALSE,FALSE,TRUE
"Sox2ot",FALSE,FALSE,TRUE
"Stpg1",FALSE,FALSE,TRUE
"Synpo2",FALSE,FALSE,TRUE
"Synpr",FALSE,FALSE,TRUE
"Sytl5",FALSE,FALSE,TRUE
"Tafa4",FALSE,FALSE,TRUE
"Tbc1d16",FALSE,FALSE,TRUE
"Tecta",FALSE,FALSE,TRUE
"Tekt2",FALSE,FALSE,TRUE
"Tesc",FALSE,FALSE,TRUE
"Tex15",FALSE,FALSE,TRUE
"Tmem182",FALSE,FALSE,TRUE
"Tmem235",FALSE,FALSE,TRUE
"Tmem88b",FALSE,FALSE,TRUE
"Tmprss6",FALSE,FALSE,TRUE
"Tnni1",FALSE,FALSE,TRUE
"Tnni3",FALSE,FALSE,TRUE
"Tnnt3",FALSE,FALSE,TRUE
"Tpd52l1",FALSE,FALSE,TRUE
"Trank1",FALSE,FALSE,TRUE
"Trpm8",FALSE,FALSE,TRUE
"Trpv4",FALSE,FALSE,TRUE
"Tspan2",FALSE,FALSE,TRUE
"Tspear",FALSE,FALSE,TRUE
"Tspyl2",FALSE,FALSE,TRUE
"Ttll8",FALSE,FALSE,TRUE
"Ubap1l",FALSE,FALSE,TRUE
"Ucn3",FALSE,FALSE,TRUE
"Ugt8a",FALSE,FALSE,TRUE
"Unc13c",FALSE,FALSE,TRUE
"Vamp1",FALSE,FALSE,TRUE
"Vwa5b1",FALSE,FALSE,TRUE
"Xrcc3",FALSE,FALSE,TRUE
"Zap70",FALSE,FALSE,TRUE
"Zbtb20",FALSE,FALSE,TRUE
"Zfp423",FALSE,FALSE,TRUE
"Zfp947",FALSE,FALSE,TRUE
"Zpbp",FALSE,FALSE,TRUE
